{"stats":{"minecraft:used":{"minecraft:stone_sword":7,"minecraft:stone_pickaxe":45,"minecraft:wooden_pickaxe":4,"minecraft:torch":2,"minecraft:crafting_table":6,"simplyswords:iron_katana":10,"farmersdelight:ratatouille":2,"supplementaries:cage":1,"minecraft:iron_axe":4,"minecraft:iron_pickaxe":35,"minecraft:stone_axe":1,"minecraft:cobblestone":1,"minecraft:furnace":2,"minecraft:cooked_beef":2},"minecraft:mined":{"minecraft:crafting_table":6,"minecraft:furnace":2,"minecraft:iron_ore":23,"minecraft:andesite":6,"minecraft:pointed_dripstone":1,"minecraft:coal_ore":20,"minecraft:oak_log":5,"minecraft:stone":21,"minecraft:gold_ore":11,"minecraft:oak_leaves":1},"minecraft:killed":{"minecraft:spider":1,"minecraft:sheep":4,"minecraft:chicken":4,"enemyexpansion:goblin":1,"minecraft:cow":4,"minecraft:enderman":1,"enemyexpansion:slugger":1},"minecraft:killed_by":{"minecraft:enderman":2},"minecraft:dropped":{"minecraft:stone_axe":1,"minecraft:stone_sword":1,"minecraft:bowl":3,"immersive_armors:wooden_boots":1,"minecraft:feather":8,"immersive_armors:wooden_leggings":1,"minecraft:andesite":3,"minecraft:oak_sapling":1,"minecraft:wooden_sword":1,"minecraft:stone_pickaxe":1,"minecraft:wooden_pickaxe":1,"immersive_armors:wooden_chestplate":1,"immersive_armors:wooden_helmet":1},"minecraft:crafted":{"minecraft:oak_planks":16,"minecraft:crafting_table":1,"minecraft:wooden_pickaxe":1,"minecraft:iron_helmet":1,"minecraft:iron_sword":1,"minecraft:furnace":1,"minecraft:stone_axe":1,"minecraft:air":0,"cisco_mod:adventurer_chestplate":1,"minecraft:iron_chestplate":1,"minecraft:iron_axe":1,"minecraft:stick":14,"minecraft:iron_ingot":51,"minecraft:stone_pickaxe":1,"minecraft:iron_pickaxe":1,"cisco_mod:adventurer_boots":1,"minecraft:stone_sword":1,"minecraft:gold_ingot":21,"minecraft:iron_leggings":1,"cisco_mod:adventurer_leggings":1,"minecraft:torch":4},"minecraft:custom":{"enigmaticlegacy:play_time_with_seven_curses":35613,"minecraft:interact_with_furnace":9,"minecraft:mob_kills":16,"enigmaticlegacy:play_time_without_seven_curses":17410,"minecraft:interact_with_crafting_table":13,"goblintraders:trade_with_goblin":25,"minecraft:time_since_death":20983,"minecraft:time_since_rest":21010,"minecraft:sprint_one_cm":76393,"minecraft:damage_taken":888,"minecraft:walk_one_cm":37700,"minecraft:drop":15,"minecraft:damage_dealt":1520,"minecraft:fly_one_cm":87886,"minecraft:crouch_one_cm":1394,"minecraft:play_time":53101,"minecraft:deaths":2,"minecraft:sneak_time":392,"minecraft:jump":492,"minecraft:walk_on_water_one_cm":6588,"minecraft:total_world_time":53101,"minecraft:fall_one_cm":21006},"minecraft:picked_up":{"minecraft:crafting_table":6,"minecraft:feather":8,"minecraft:cooked_beef":10,"minecraft:chicken":7,"minecraft:andesite":6,"minecraft:leather":10,"minecraft:oak_log":5,"minecraft:string":4,"minecraft:cooked_mutton":7,"minecraft:experience_bottle":1,"minecraft:raw_gold":15,"minecraft:ender_eye":1,"twigs:twig":1,"minecraft:egg":5,"minecraft:furnace":2,"minecraft:raw_iron":41,"apotheosis:gem":5,"minecraft:bowl":1,"minecraft:pointed_dripstone":3,"forbidden_arcanus:ender_pearl_fragment":1,"minecraft:oak_sapling":1,"minecraft:coal":60,"majruszsdifficulty:tattered_chestplate":1,"minecraft:white_wool":4,"minecraft:cobblestone":18}},"DataVersion":3120}