{"stats":{"minecraft:used":{"minecraft:stone_axe":1,"minecraft:stone_sword":3,"minecraft:crafting_table":2,"minecraft:stone_pickaxe":14,"minecraft:wooden_pickaxe":4},"minecraft:mined":{"minecraft:coal_ore":5,"minecraft:oak_log":5,"minecraft:stone":13,"minecraft:crafting_table":2},"minecraft:killed":{"minecraft:chicken":4,"enemyexpansion:slugger":1},"minecraft:crafted":{"minecraft:stone_sword":1,"minecraft:oak_planks":8,"minecraft:torch":4,"minecraft:stone_axe":1,"minecraft:crafting_table":1,"minecraft:stick":10,"minecraft:wooden_pickaxe":1,"minecraft:stone_pickaxe":1},"minecraft:custom":{"minecraft:time_since_rest":29101,"enigmaticlegacy:play_time_with_seven_curses":11691,"minecraft:play_time":29101,"minecraft:sprint_one_cm":9177,"minecraft:damage_taken":70,"minecraft:walk_one_cm":8867,"minecraft:sneak_time":10,"minecraft:mob_kills":5,"minecraft:jump":66,"minecraft:damage_dealt":315,"minecraft:time_since_death":29101,"enigmaticlegacy:play_time_without_seven_curses":17410,"minecraft:total_world_time":29101,"minecraft:fall_one_cm":4885,"minecraft:interact_with_crafting_table":3,"minecraft:fly_one_cm":15296},"minecraft:picked_up":{"apotheosis:gem":1,"minecraft:crafting_table":2,"minecraft:feather":8,"minecraft:chicken":7,"minecraft:oak_log":5,"minecraft:oak_sapling":1,"twigs:twig":1,"minecraft:coal":10,"minecraft:cobblestone":13,"minecraft:egg":5}},"DataVersion":3120}