{"stats":{"minecraft:used":{"farmersdelight:ratatouille":1,"minecraft:stone_sword":7,"minecraft:iron_axe":1,"minecraft:stone_pickaxe":45,"minecraft:iron_pickaxe":16,"minecraft:wooden_pickaxe":4,"minecraft:stone_axe":1,"minecraft:cobblestone":1,"minecraft:crafting_table":4,"minecraft:furnace":1},"minecraft:mined":{"minecraft:furnace":1,"minecraft:iron_ore":15,"minecraft:andesite":3,"minecraft:crafting_table":3,"minecraft:oak_log":5,"minecraft:coal_ore":20,"minecraft:stone":20,"minecraft:gold_ore":6},"minecraft:killed":{"minecraft:chicken":4,"minecraft:spider":1,"enemyexpansion:goblin":1,"minecraft:enderman":1,"enemyexpansion:slugger":1},"minecraft:killed_by":{"minecraft:enderman":2},"minecraft:dropped":{"minecraft:stone_axe":1,"minecraft:stone_sword":1,"minecraft:bowl":1,"minecraft:andesite":3,"minecraft:oak_sapling":1,"minecraft:feather":8,"minecraft:wooden_sword":1,"minecraft:stone_pickaxe":1,"minecraft:wooden_pickaxe":1},"minecraft:crafted":{"minecraft:oak_planks":16,"minecraft:iron_chestplate":1,"minecraft:iron_axe":1,"minecraft:crafting_table":1,"minecraft:stick":14,"minecraft:iron_ingot":33,"minecraft:wooden_pickaxe":1,"minecraft:iron_pickaxe":1,"minecraft:stone_pickaxe":1,"minecraft:gold_ingot":12,"minecraft:stone_sword":1,"minecraft:iron_sword":1,"minecraft:furnace":1,"minecraft:torch":4,"minecraft:stone_axe":1,"minecraft:air":0},"minecraft:custom":{"minecraft:time_since_rest":9010,"enigmaticlegacy:play_time_with_seven_curses":23613,"minecraft:interact_with_furnace":6,"minecraft:sprint_one_cm":38091,"minecraft:damage_taken":736,"minecraft:walk_one_cm":25758,"minecraft:mob_kills":8,"minecraft:drop":9,"minecraft:damage_dealt":631,"enigmaticlegacy:play_time_without_seven_curses":17410,"minecraft:interact_with_crafting_table":9,"minecraft:fly_one_cm":35293,"goblintraders:trade_with_goblin":14,"minecraft:crouch_one_cm":1394,"minecraft:play_time":41101,"minecraft:deaths":2,"minecraft:sneak_time":392,"minecraft:jump":153,"minecraft:time_since_death":8983,"minecraft:total_world_time":41101,"minecraft:fall_one_cm":11548},"minecraft:picked_up":{"minecraft:raw_iron":23,"minecraft:crafting_table":3,"apotheosis:gem":5,"minecraft:feather":8,"minecraft:chicken":7,"minecraft:andesite":3,"minecraft:bowl":1,"minecraft:oak_log":5,"minecraft:string":4,"forbidden_arcanus:ender_pearl_fragment":1,"minecraft:experience_bottle":1,"minecraft:raw_gold":9,"minecraft:ender_eye":1,"minecraft:oak_sapling":1,"twigs:twig":1,"majruszsdifficulty:tattered_chestplate":1,"minecraft:furnace":1,"minecraft:coal":32,"minecraft:cobblestone":18,"minecraft:egg":5}},"DataVersion":3120}